<application>
  <component name="LocalDatabaseDriverManager" version="201">
    <driver id="mysql.8">
      <artifact id="MySQL Connector/J" name="MySQL Connector/J" use="true" version="8.0.25" />
    </driver>
    <driver id="redis">
      <artifact id="Redis" name="Redis" use="true" version="1.3" />
      <library>
        <url>file://$USER_HOME$/AppData/Roaming/JetBrains/DataGrip2023.1/jdbc-drivers/Redis/1.3/redis-jdbc-driver-1.3.jar</url>
      </library>
    </driver>
  </component>
</application>