<application>
  <component name="GeneralSettings">
    <option name="showTipsOnStartup" value="true" />
    <option name="confirmExit" value="false" />
    <option name="confirmOpenNewProject2" value="-1" />
    <option name="supportScreenReaders" value="true" />
  </component>
  <component name="Registry">
    <entry key="python.scientific.show_help_window" value="false" />
    <entry key="python.scientific.always_use_sci_view" value="true" />
    <entry key="ide.experimental.ui" value="true" />
    <entry key="debugger.new.tool.window.layout" value="true" />
    <entry key="editor.minimap.enabled" value="true" />
    <entry key="idea.plugins.compatible.build" value="" />
  </component>
  <component name="StatusBar">
    <option name="widgets">
      <map>
        <entry key="ClangdMemory" value="true" />
        <entry key="Memory" value="true" />
        <entry key="PowerSaveMode" value="true" />
        <entry key="VFS_REFRESH" value="true" />
        <entry key="git" value="true" />
        <entry key="webDeployment.default.server.widget" value="false" />
      </map>
    </option>
  </component>
</application>