<application>
  <component name="Translation.Cache">
    <option name="lastTrimTime" value="1684317573904" />
  </component>
  <component name="Translation.Settings">
    <option name="translator" value="MICROSOFT" />
  </component>
  <component name="Translation.States">
    <option name="newTranslationDialogWidth" value="596" />
    <option name="newTranslationDialogX" value="860" />
    <option name="newTranslationDialogY" value="392" />
    <histories>
      <item value="greater than" />
      <item value="is Completed" />
      <item value="Dentist appt" />
      <item value="Take out trash" />
      <item value="const" />
      <item value="console" />
      <item value="push" />
      <item value="git@github.com: Permission denied (publickey). fatal: Could not read from remote repository. Please make sure you have the correct access rights and the repository exists." />
      <item value="This commit does not belong to any branch on this repository, and may belong to a fork outside of the repository." />
      <item value="convert the identifier to snake case: `rust_project`" />
    </histories>
    <option name="languageScores">
      <map>
        <entry key="CHINESE" value="9" />
        <entry key="ENGLISH" value="10" />
      </map>
    </option>
  </component>
</application>