<application>
  <component name="Translation.Cache">
    <option name="lastTrimTime" value="1687045928473" />
  </component>
  <component name="Translation.Settings">
    <option name="keepFormat" value="true" />
    <option name="primaryLanguage" value="CHINESE" />
    <option name="showExplanation" value="true" />
    <option name="translateDocumentation" value="true" />
    <option name="translator" value="MICROSOFT" />
  </component>
  <component name="Translation.States">
    <option name="newTranslationDialogHeight" value="429" />
    <option name="newTranslationDialogWidth" value="1095" />
    <option name="newTranslationDialogX" value="151" />
    <option name="newTranslationDialogY" value="234" />
    <histories>
      <item value="IntelliJ plugin that displays a zoomed out overview or minimap similar to the one found in Sublime into the editor pane. The minimap allows for quick scrolling letting you jump straight to sections of code. Rework on CodeGlance,support more feature&#10;Hide original scrollbar.&#10;Right click to quick config.&#10;Support markup highlights.&#10;Support error stripes highlights.&#10;Support Vcs line highlights.&#10;Support caret line highlights.&#10;Support language ColorScheme.&#10;Quick view code on Glance.&#10;Automatically calculate width in splitter mode.&#10;Ctrl-Shift-G to toggle Glance." />
    </histories>
    <option name="languageScores">
      <map>
        <entry key="CHINESE" value="1" />
      </map>
    </option>
  </component>
</application>