<profile version="1.0">
  <option name="myName" value="Default" />
  <inspection_tool class="Eslint" enabled="true" level="WARNING" enabled_by_default="true" />
  <inspection_tool class="PyPackageRequirementsInspection" enabled="true" level="WARNING" enabled_by_default="true">
    <option name="ignoredPackages">
      <value>
        <list size="118">
          <item index="0" class="java.lang.String" itemvalue="google-pasta" />
          <item index="1" class="java.lang.String" itemvalue="tensorflow-estimator" />
          <item index="2" class="java.lang.String" itemvalue="ypy-websocket" />
          <item index="3" class="java.lang.String" itemvalue="Babel" />
          <item index="4" class="java.lang.String" itemvalue="executing" />
          <item index="5" class="java.lang.String" itemvalue="torchvision" />
          <item index="6" class="java.lang.String" itemvalue="pyasn1-modules" />
          <item index="7" class="java.lang.String" itemvalue="jupyter_server_ydoc" />
          <item index="8" class="java.lang.String" itemvalue="bleach" />
          <item index="9" class="java.lang.String" itemvalue="astunparse" />
          <item index="10" class="java.lang.String" itemvalue="jupyter_server_terminals" />
          <item index="11" class="java.lang.String" itemvalue="soupsieve" />
          <item index="12" class="java.lang.String" itemvalue="torchaudio" />
          <item index="13" class="java.lang.String" itemvalue="pywin32" />
          <item index="14" class="java.lang.String" itemvalue="qtconsole" />
          <item index="15" class="java.lang.String" itemvalue="libclang" />
          <item index="16" class="java.lang.String" itemvalue="comm" />
          <item index="17" class="java.lang.String" itemvalue="nbclassic" />
          <item index="18" class="java.lang.String" itemvalue="Werkzeug" />
          <item index="19" class="java.lang.String" itemvalue="tensorboard-data-server" />
          <item index="20" class="java.lang.String" itemvalue="jupyterlab-pygments" />
          <item index="21" class="java.lang.String" itemvalue="ipykernel" />
          <item index="22" class="java.lang.String" itemvalue="nbconvert" />
          <item index="23" class="java.lang.String" itemvalue="attrs" />
          <item index="24" class="java.lang.String" itemvalue="contourpy" />
          <item index="25" class="java.lang.String" itemvalue="psutil" />
          <item index="26" class="java.lang.String" itemvalue="jedi" />
          <item index="27" class="java.lang.String" itemvalue="flatbuffers" />
          <item index="28" class="java.lang.String" itemvalue="jupyter_server" />
          <item index="29" class="java.lang.String" itemvalue="tensorboard" />
          <item index="30" class="java.lang.String" itemvalue="asttokens" />
          <item index="31" class="java.lang.String" itemvalue="platformdirs" />
          <item index="32" class="java.lang.String" itemvalue="matplotlib" />
          <item index="33" class="java.lang.String" itemvalue="rsa" />
          <item index="34" class="java.lang.String" itemvalue="brotlipy" />
          <item index="35" class="java.lang.String" itemvalue="json5" />
          <item index="36" class="java.lang.String" itemvalue="pyasn1" />
          <item index="37" class="java.lang.String" itemvalue="requests" />
          <item index="38" class="java.lang.String" itemvalue="jupyter-events" />
          <item index="39" class="java.lang.String" itemvalue="sniffio" />
          <item index="40" class="java.lang.String" itemvalue="websocket-client" />
          <item index="41" class="java.lang.String" itemvalue="pyrsistent" />
          <item index="42" class="java.lang.String" itemvalue="mkl-fft" />
          <item index="43" class="java.lang.String" itemvalue="stack-data" />
          <item index="44" class="java.lang.String" itemvalue="prompt-toolkit" />
          <item index="45" class="java.lang.String" itemvalue="ipywidgets" />
          <item index="46" class="java.lang.String" itemvalue="tornado" />
          <item index="47" class="java.lang.String" itemvalue="google-auth-oauthlib" />
          <item index="48" class="java.lang.String" itemvalue="python-utils" />
          <item index="49" class="java.lang.String" itemvalue="aiofiles" />
          <item index="50" class="java.lang.String" itemvalue="jsonpointer" />
          <item index="51" class="java.lang.String" itemvalue="Send2Trash" />
          <item index="52" class="java.lang.String" itemvalue="torch" />
          <item index="53" class="java.lang.String" itemvalue="tensorflow-io-gcs-filesystem" />
          <item index="54" class="java.lang.String" itemvalue="mistune" />
          <item index="55" class="java.lang.String" itemvalue="termcolor" />
          <item index="56" class="java.lang.String" itemvalue="mpmath" />
          <item index="57" class="java.lang.String" itemvalue="cachetools" />
          <item index="58" class="java.lang.String" itemvalue="debugpy" />
          <item index="59" class="java.lang.String" itemvalue="jupyter-ydoc" />
          <item index="60" class="java.lang.String" itemvalue="Pillow" />
          <item index="61" class="java.lang.String" itemvalue="notebook_shim" />
          <item index="62" class="java.lang.String" itemvalue="traitlets" />
          <item index="63" class="java.lang.String" itemvalue="absl-py" />
          <item index="64" class="java.lang.String" itemvalue="protobuf" />
          <item index="65" class="java.lang.String" itemvalue="rfc3339-validator" />
          <item index="66" class="java.lang.String" itemvalue="arrow" />
          <item index="67" class="java.lang.String" itemvalue="opt-einsum" />
          <item index="68" class="java.lang.String" itemvalue="nbclient" />
          <item index="69" class="java.lang.String" itemvalue="QtPy" />
          <item index="70" class="java.lang.String" itemvalue="cycler" />
          <item index="71" class="java.lang.String" itemvalue="gast" />
          <item index="72" class="java.lang.String" itemvalue="python-json-logger" />
          <item index="73" class="java.lang.String" itemvalue="jupyterlab-widgets" />
          <item index="74" class="java.lang.String" itemvalue="certifi" />
          <item index="75" class="java.lang.String" itemvalue="oauthlib" />
          <item index="76" class="java.lang.String" itemvalue="anyio" />
          <item index="77" class="java.lang.String" itemvalue="keras" />
          <item index="78" class="java.lang.String" itemvalue="pyparsing" />
          <item index="79" class="java.lang.String" itemvalue="Markdown" />
          <item index="80" class="java.lang.String" itemvalue="isoduration" />
          <item index="81" class="java.lang.String" itemvalue="jupyter-lsp" />
          <item index="82" class="java.lang.String" itemvalue="fqdn" />
          <item index="83" class="java.lang.String" itemvalue="jupyter_client" />
          <item index="84" class="java.lang.String" itemvalue="h5py" />
          <item index="85" class="java.lang.String" itemvalue="wrapt" />
          <item index="86" class="java.lang.String" itemvalue="kiwisolver" />
          <item index="87" class="java.lang.String" itemvalue="jupyterlab_server" />
          <item index="88" class="java.lang.String" itemvalue="tensorflow-intel" />
          <item index="89" class="java.lang.String" itemvalue="fonttools" />
          <item index="90" class="java.lang.String" itemvalue="widgetsnbextension" />
          <item index="91" class="java.lang.String" itemvalue="charset-normalizer" />
          <item index="92" class="java.lang.String" itemvalue="mkl-service" />
          <item index="93" class="java.lang.String" itemvalue="webcolors" />
          <item index="94" class="java.lang.String" itemvalue="wcwidth" />
          <item index="95" class="java.lang.String" itemvalue="rfc3986-validator" />
          <item index="96" class="java.lang.String" itemvalue="plumbum" />
          <item index="97" class="java.lang.String" itemvalue="requests-oauthlib" />
          <item index="98" class="java.lang.String" itemvalue="pandoc" />
          <item index="99" class="java.lang.String" itemvalue="uri-template" />
          <item index="100" class="java.lang.String" itemvalue="jupyter_server_fileid" />
          <item index="101" class="java.lang.String" itemvalue="aiosqlite" />
          <item index="102" class="java.lang.String" itemvalue="tomli" />
          <item index="103" class="java.lang.String" itemvalue="nbformat" />
          <item index="104" class="java.lang.String" itemvalue="ipython" />
          <item index="105" class="java.lang.String" itemvalue="packaging" />
          <item index="106" class="java.lang.String" itemvalue="y-py" />
          <item index="107" class="java.lang.String" itemvalue="fastjsonschema" />
          <item index="108" class="java.lang.String" itemvalue="prometheus-client" />
          <item index="109" class="java.lang.String" itemvalue="chardet" />
          <item index="110" class="java.lang.String" itemvalue="grpcio" />
          <item index="111" class="java.lang.String" itemvalue="pandas-io" />
          <item index="112" class="java.lang.String" itemvalue="async-lru" />
          <item index="113" class="java.lang.String" itemvalue="google-auth" />
          <item index="114" class="java.lang.String" itemvalue="mayavi" />
          <item index="115" class="java.lang.String" itemvalue="types-regex" />
          <item index="116" class="java.lang.String" itemvalue="einops" />
          <item index="117" class="java.lang.String" itemvalue="decord" />
        </list>
      </value>
    </option>
  </inspection_tool>
</profile>